model,mode,bleu_pct,rougeL_f1_pct
gemma2-9b-it,WITH,64.59551517841044,73.60214359168091
gemma2-9b-it,NO,17.40717471606745,23.43957053047962
llama-3.1-8b-instant,WITH,72.69254183096092,83.66390887781262
llama-3.1-8b-instant,NO,15.297360278051624,18.109293304098497
llama3-8b-8192,WITH,61.52481196750745,75.58455747868629
llama3-8b-8192,NO,18.3017283997227,24.241403775471912
meta-llama/llama-4-maverick-17b-128e-instruct,WITH,65.7551866117772,73.89146567717997
meta-llama/llama-4-maverick-17b-128e-instruct,NO,20.014950086086287,28.226571072123082
